address,name,symbol,network,pair_address,dex_id,url,price_usd,price_native,liquidity_usd,volume_24h,volume_6h,volume_1h,price_change_24h,price_change_6h,price_change_1h,buys_24h,sells_24h,fdv,market_cap,age_hours,risk_score,risk_level,risk_factors,info,security_score,security_issues,contract_verified,ownership_renounced,liquidity_locked,honeypot_probability
0xd65958e56e189a1208287dceacd5f5c8de40769728d71077da490d60874b64e9::slerf::SLERF,SLERF,SLERF,sui,0x475c58a877b91fdaf24588dec00efa2e62033c9770b6e59899c3df90df7310cb,cetus,https://dexscreener.com/sui/0x475c58a877b91fdaf24588dec00efa2e62033c9770b6e59899c3df90df7310cb,111.53,43.29,3899713.04,56334.18,0.0,0.0,222110572.0,0.0,0.0,602,497,111536796537.0,111536796537.0,38.25716920552571,160,–°–∫–∞–º,"['–ù–µ–≤–µ—Ä–∏—Ñ–∏—Ü–∏—Ä–æ–≤–∞–Ω–Ω—ã–π –∫–æ–Ω—Ç—Ä–∞–∫—Ç', '–ê–Ω–æ–º–∞–ª—å–Ω—ã–π —Ä–æ—Å—Ç —Ü–µ–Ω—ã: 222110572.00%', '–ú–æ–ª–æ–¥–æ–π —Ç–æ–∫–µ–Ω (<7 –¥–Ω–µ–π): 38.26 —á–∞—Å–æ–≤', '–ù–µ—Ç –∏–Ω—Ñ–æ—Ä–º–∞—Ü–∏–∏ –æ —Å–∞–π—Ç–µ –∏ —Å–æ—Ü–∏–∞–ª—å–Ω—ã—Ö —Å–µ—Ç—è—Ö', 'üö® –ö–†–ò–¢–ò–ß–ù–û: –õ–∏–∫–≤–∏–¥–Ω–æ—Å—Ç—å –ù–ï –∑–∞–±–ª–æ–∫–∏—Ä–æ–≤–∞–Ω–∞ - –≤—ã—Å–æ–∫–∏–π —Ä–∏—Å–∫ rug pull!', '–≠–∫—Å—Ç—Ä–µ–º–∞–ª—å–Ω—ã–π —Ä–æ—Å—Ç >500% - –ø–æ–¥–æ–∑—Ä–µ–Ω–∏–µ –Ω–∞ –ø–∞–º–ø-—Å—Ö–µ–º—É']",{},0.48300000000000004,[],False,True,False,0.3
0x3066818837c5e6eD6601bd5a91B0762877A6B731,UMA Voting Token v1 (PoS),UMA,polygon,0x6be10c5C7178af8C49997D07d6A5444C15e58170,sushiswap,https://dexscreener.com/polygon/0x6be10c5c7178af8c49997d07d6a5444c15e58170,1.27,0.0003142,1479.11,1035.22,39.72,0.0,971.0,14.21,0.0,7,9,27206.0,27206.0,37276.14189143636,95,–°–∫–∞–º,"['Proxy –∫–æ–Ω—Ç—Ä–∞–∫—Ç', '–ê–Ω–æ–º–∞–ª—å–Ω—ã–π —Ä–æ—Å—Ç —Ü–µ–Ω—ã: 971.00%', '–ù–∏–∑–∫–∞—è –ª–∏–∫–≤–∏–¥–Ω–æ—Å—Ç—å: $1479.11', '–ù–µ—Ç –∏–Ω—Ñ–æ—Ä–º–∞—Ü–∏–∏ –æ —Å–∞–π—Ç–µ –∏ —Å–æ—Ü–∏–∞–ª—å–Ω—ã—Ö —Å–µ—Ç—è—Ö', '–≠–∫—Å—Ç—Ä–µ–º–∞–ª—å–Ω—ã–π —Ä–æ—Å—Ç >500% - –ø–æ–¥–æ–∑—Ä–µ–Ω–∏–µ –Ω–∞ –ø–∞–º–ø-—Å—Ö–µ–º—É', '–ö—Ä–∏—Ç–∏—á–µ—Å–∫–∏ –Ω–∏–∑–∫–∞—è –ª–∏–∫–≤–∏–¥–Ω–æ—Å—Ç—å (<$25K)']",{},0.363,[],False,True,True,0.3
CizLY8YaSc1MXpEwf9tD89S4A1RgMCR67gXoX5pLpump,Alpha Arena,Arena,solana,2AgmcNzjvVqxTiJPmyNTqE2dRNEQaLrPW5VqgqbVfLiS,meteora,https://dexscreener.com/solana/2agmcnzjvvqxtijpmyntqe2drneqalrpw5vqgqbvflis,0.00722,3.77e-05,153817.15,317371.87,249149.49,52571.69,353.0,94.76,-10.85,905,1169,7220678.0,7220678.0,39.57772477362739,110,–í—ã—Å–æ–∫–∏–π,"['–ê–Ω–æ–º–∞–ª—å–Ω—ã–π —Ä–æ—Å—Ç —Ü–µ–Ω—ã: 353.00%', '–ú–æ–ª–æ–¥–æ–π —Ç–æ–∫–µ–Ω (<7 –¥–Ω–µ–π): 39.58 —á–∞—Å–æ–≤', 'üö® –ö–†–ò–¢–ò–ß–ù–û: –õ–∏–∫–≤–∏–¥–Ω–æ—Å—Ç—å –ù–ï –∑–∞–±–ª–æ–∫–∏—Ä–æ–≤–∞–Ω–∞ - –≤—ã—Å–æ–∫–∏–π —Ä–∏—Å–∫ rug pull!']","{'imageUrl': 'https://dd.dexscreener.com/ds-data/tokens/solana/CizLY8YaSc1MXpEwf9tD89S4A1RgMCR67gXoX5pLpump.png?key=75fbce', 'header': 'https://dd.dexscreener.com/ds-data/tokens/solana/CizLY8YaSc1MXpEwf9tD89S4A1RgMCR67gXoX5pLpump/header.png?key=75fbce', 'openGraph': 'https://cdn.dexscreener.com/token-images/og/solana/CizLY8YaSc1MXpEwf9tD89S4A1RgMCR67gXoX5pLpump?timestamp=1760958300000', 'websites': [{'label': 'Website', 'url': 'https://nof1.ai/'}], 'socials': [{'type': 'twitter', 'url': 'https://x.com/i/communities/1978973338597752970'}]}",0.48300000000000004,[],False,True,False,0.3
0x7d43AABC515C356145049227CeE54B608342c0ad,Binance USD,BUSD,linea,0x8b1251076F23fFa2a2a6459583C587C1CDbB2c6E,syncswap,https://dexscreener.com/linea/0x8b1251076f23ffa2a2a6459583c587c1cdbb2c6e,1.66,1.6617,375.45,221.5,106.23,38.91,256.0,47.02,-45.69,14,7,278639.0,278639.0,0.0,115,–°–∫–∞–º,"['–ê–Ω–æ–º–∞–ª—å–Ω—ã–π —Ä–æ—Å—Ç —Ü–µ–Ω—ã: 256.00%', 'üö® –ö–†–ò–¢–ò–ß–ù–û: –ù–æ–≤—ã–π —Ç–æ–∫–µ–Ω (<24—á): 0.00 —á–∞—Å–æ–≤', '–ù–∏–∑–∫–∞—è –ª–∏–∫–≤–∏–¥–Ω–æ—Å—Ç—å: $375.45', '–ù–µ—Ç –∏–Ω—Ñ–æ—Ä–º–∞—Ü–∏–∏ –æ —Å–∞–π—Ç–µ –∏ —Å–æ—Ü–∏–∞–ª—å–Ω—ã—Ö —Å–µ—Ç—è—Ö', '–ö—Ä–∏—Ç–∏—á–µ—Å–∫–∏ –Ω–∏–∑–∫–∞—è –ª–∏–∫–≤–∏–¥–Ω–æ—Å—Ç—å (<$25K)']",{},0.5830000000000001,[],False,False,True,0.3
2oeAQrHyEL4UR7mdkVyzvDdvp3vBC55QBr551Veepump,The Pnyx,PNYX,solana,iB9XbMuYy4f37ePaXHx9c195uQ2zVZ1w9zdcbVPfjxz,pumpswap,https://dexscreener.com/solana/ib9xbmuyy4f37epaxhx9c195uq2zvz1w9zdcbvpfjxz,0.001231,6.429e-06,156486.16,896547.75,643566.64,111531.49,197.0,45.8,-14.07,1914,1983,1208795.0,1208795.0,420.92578033413355,100,–í—ã—Å–æ–∫–∏–π,"['–ê–Ω–æ–º–∞–ª—å–Ω—ã–π —Ä–æ—Å—Ç —Ü–µ–Ω—ã: 197.00%', 'üö® –ö–†–ò–¢–ò–ß–ù–û: –õ–∏–∫–≤–∏–¥–Ω–æ—Å—Ç—å –ù–ï –∑–∞–±–ª–æ–∫–∏—Ä–æ–≤–∞–Ω–∞ - –≤—ã—Å–æ–∫–∏–π —Ä–∏—Å–∫ rug pull!', '–í—ã—Å–æ–∫–æ–µ —Å–æ–æ—Ç–Ω–æ—à–µ–Ω–∏–µ –æ–±—ä–µ–º/–ª–∏–∫–≤–∏–¥–Ω–æ—Å—Ç—å - –ø–æ–≤—ã—à–µ–Ω–Ω–∞—è –≤–æ–ª–∞—Ç–∏–ª—å–Ω–æ—Å—Ç—å']","{'imageUrl': 'https://dd.dexscreener.com/ds-data/tokens/solana/2oeAQrHyEL4UR7mdkVyzvDdvp3vBC55QBr551Veepump.png?key=394b45', 'header': 'https://dd.dexscreener.com/ds-data/tokens/solana/2oeAQrHyEL4UR7mdkVyzvDdvp3vBC55QBr551Veepump/header.png?key=394b45', 'openGraph': 'https://cdn.dexscreener.com/token-images/og/solana/2oeAQrHyEL4UR7mdkVyzvDdvp3vBC55QBr551Veepump?timestamp=1760958300000', 'websites': [{'label': 'Website', 'url': 'https://pnyx.vc'}], 'socials': [{'type': 'twitter', 'url': 'https://x.com/pnyxvc'}]}",0.463,[],False,True,False,0.3
7KK1qVc4L5qGfKHapfTtnoyhLqES7PKKirD9QmQLpump,Polytrend,POLYTREND,solana,384JaoVaA3QVwdU9e9AXJdyh5v1ZLFPGJQCwZXEWLNq7,pumpswap,https://dexscreener.com/solana/384jaovaa3qvwdu9e9axjdyh5v1zlfpgjqcwzxewlnq7,0.0002678,1.398e-06,64505.17,142870.56,28547.48,6315.11,83.76,30.74,11.54,714,764,267848.0,267848.0,84.68550255777994,80,–í—ã—Å–æ–∫–∏–π,"['–ú–æ–ª–æ–¥–æ–π —Ç–æ–∫–µ–Ω (<7 –¥–Ω–µ–π): 84.69 —á–∞—Å–æ–≤', 'üö® –ö–†–ò–¢–ò–ß–ù–û: –õ–∏–∫–≤–∏–¥–Ω–æ—Å—Ç—å –ù–ï –∑–∞–±–ª–æ–∫–∏—Ä–æ–≤–∞–Ω–∞ - –≤—ã—Å–æ–∫–∏–π —Ä–∏—Å–∫ rug pull!']","{'imageUrl': 'https://dd.dexscreener.com/ds-data/tokens/solana/7KK1qVc4L5qGfKHapfTtnoyhLqES7PKKirD9QmQLpump.png?key=18f8df', 'header': 'https://dd.dexscreener.com/ds-data/tokens/solana/7KK1qVc4L5qGfKHapfTtnoyhLqES7PKKirD9QmQLpump/header.png?key=18f8df', 'openGraph': 'https://cdn.dexscreener.com/token-images/og/solana/7KK1qVc4L5qGfKHapfTtnoyhLqES7PKKirD9QmQLpump?timestamp=1760958300000', 'websites': [{'label': 'Website', 'url': 'https://www.polytrend.xyz/'}], 'socials': [{'type': 'twitter', 'url': 'https://x.com/Poly_trendAI'}]}",0.463,[],False,True,False,0.3
2k9LnRAWJJBmmEzgXARwSEzoU1DorBYQHTXZtxusbonk,3I/ATLAS,ATLAS,solana,3JcejPoY3sAMcBhdEba3tmLPH4iVBWd6Xyh8pSJ6HYNZ,raydium,https://dexscreener.com/solana/3jcejpoy3samcbhdeba3tmlph4ivbwd6xyh8psj6hynz,0.0003673,1.899e-06,76872.65,4966.13,1347.4,26.98,20.63,6.9,0.15,26,21,367309.0,367309.0,1988.5541136699762,60,–°—Ä–µ–¥–Ω–∏–π,['üö® –ö–†–ò–¢–ò–ß–ù–û: –õ–∏–∫–≤–∏–¥–Ω–æ—Å—Ç—å –ù–ï –∑–∞–±–ª–æ–∫–∏—Ä–æ–≤–∞–Ω–∞ - –≤—ã—Å–æ–∫–∏–π —Ä–∏—Å–∫ rug pull!'],"{'imageUrl': 'https://dd.dexscreener.com/ds-data/tokens/solana/2k9LnRAWJJBmmEzgXARwSEzoU1DorBYQHTXZtxusbonk.png?key=158d78', 'header': 'https://dd.dexscreener.com/ds-data/tokens/solana/2k9LnRAWJJBmmEzgXARwSEzoU1DorBYQHTXZtxusbonk/header.png?key=158d78', 'openGraph': 'https://cdn.dexscreener.com/token-images/og/solana/2k9LnRAWJJBmmEzgXARwSEzoU1DorBYQHTXZtxusbonk?timestamp=1760957700000', 'websites': [{'label': 'Website', 'url': 'https://atlascto.com/'}], 'socials': [{'type': 'twitter', 'url': 'https://x.com/atlas__cto?s=21'}, {'type': 'telegram', 'url': 'https://t.me/ATLAS_PORTAL_1'}]}",0.48300000000000004,[],False,True,False,0.3
0x4575f41308EC1483f3d399aa9a2826d74Da13Deb,Orchid,OXT,ethereum,0x9B533F1cEaa5ceb7e5b8994ef16499E47A66312D,uniswap,https://dexscreener.com/ethereum/0x9b533f1ceaa5ceb7e5b8994ef16499e47a66312d,0.04191,1.042e-05,2274.56,919.11,40.26,36.22,47.8,0.24,-0.53,15,21,41913725.0,24793843.0,0.0,85,–°–∫–∞–º,"['üö® –ö–†–ò–¢–ò–ß–ù–û: –ù–æ–≤—ã–π —Ç–æ–∫–µ–Ω (<24—á): 0.00 —á–∞—Å–æ–≤', '–ù–∏–∑–∫–∞—è –ª–∏–∫–≤–∏–¥–Ω–æ—Å—Ç—å: $2274.56', '–ù–µ—Ç –∏–Ω—Ñ–æ—Ä–º–∞—Ü–∏–∏ –æ —Å–∞–π—Ç–µ –∏ —Å–æ—Ü–∏–∞–ª—å–Ω—ã—Ö —Å–µ—Ç—è—Ö', '–ö—Ä–∏—Ç–∏—á–µ—Å–∫–∏ –Ω–∏–∑–∫–∞—è –ª–∏–∫–≤–∏–¥–Ω–æ—Å—Ç—å (<$25K)']",{},0.403,[],False,True,True,0.0
0x1B71505D95Ab3e7234ed2239b8EC7aa65b94ae7B,PEPE,PEPE,pulsechain,0x660936bf7C13540221aa5cb3d9373A7Ef2B1435D,9mm,https://dexscreener.com/pulsechain/0x660936bf7c13540221aa5cb3d9373a7ef2b1435d,0.002291,72.02586,4884.17,7024.02,9.8,0.0,43.55,1.99,0.0,25,50,2291647.0,2291282.0,6211.604391450263,15,–£–º–µ—Ä–µ–Ω–Ω—ã–π,"['–ù–µ–≤–µ—Ä–∏—Ñ–∏—Ü–∏—Ä–æ–≤–∞–Ω–Ω—ã–π –∫–æ–Ω—Ç—Ä–∞–∫—Ç', '–ù–∏–∑–∫–∞—è –ª–∏–∫–≤–∏–¥–Ω–æ—Å—Ç—å: $4884.17', '–ù–µ–¥–æ—Å—Ç–∞—Ç–æ—á–Ω–∞—è –ª–∏–∫–≤–∏–¥–Ω–æ—Å—Ç—å –¥–ª—è –Ω–∏–∑–∫–æ–≥–æ —Ä–∏—Å–∫–∞ (<$100K)']","{'imageUrl': 'https://dd.dexscreener.com/ds-data/tokens/pulsechain/0x1b71505d95ab3e7234ed2239b8ec7aa65b94ae7b.png?key=745c7d', 'header': 'https://dd.dexscreener.com/ds-data/tokens/pulsechain/0x1b71505d95ab3e7234ed2239b8ec7aa65b94ae7b/header.png?key=745c7d', 'openGraph': 'https://cdn.dexscreener.com/token-images/og/pulsechain/0x1b71505d95ab3e7234ed2239b8ec7aa65b94ae7b?timestamp=1760958000000', 'websites': [], 'socials': [{'type': 'telegram', 'url': 'https://t.me/RichardHeartPepe'}]}",0.363,[],False,True,True,0.3
METADDFL6wWMWEoKTFJwcThTbUmtarRJZjRpzUvkxhr,META,META,solana,6t2CdBC26q9tj6jBwPzzFZogtjX8mtmVHUmAFmjAhMSn,meteora,https://dexscreener.com/solana/6t2cdbc26q9tj6jbwpzzfzogtjx8mtmvhumafmjahmsn,8904.72,8904.7214,656432.5,118578.55,27895.47,5211.26,42.84,11.94,-4.34,144,32,185780335.0,185983922.0,14819.871891451416,80,–í—ã—Å–æ–∫–∏–π,"['–ù–µ—Ç –∏–Ω—Ñ–æ—Ä–º–∞—Ü–∏–∏ –æ —Å–∞–π—Ç–µ –∏ —Å–æ—Ü–∏–∞–ª—å–Ω—ã—Ö —Å–µ—Ç—è—Ö', 'üö® –ö–†–ò–¢–ò–ß–ù–û: –õ–∏–∫–≤–∏–¥–Ω–æ—Å—Ç—å –ù–ï –∑–∞–±–ª–æ–∫–∏—Ä–æ–≤–∞–Ω–∞ - –≤—ã—Å–æ–∫–∏–π —Ä–∏—Å–∫ rug pull!']",{},0.48300000000000004,[],False,True,False,0.3
EQAQfNrwhA5sEywrLTtsxpyQFeKRfEpLdZREZILP9z9iUjAH,BRINGOLD,BRIN,ton,EQDDupxFqo5J8PdYBNpG7q38jAZ5hBDwxJSrflhU5WpSitrp,stonfi,https://dexscreener.com/ton/eqddupxfqo5j8pdybnpg7q38jaz5hbdwxjsrflhu5wpsitrp,0.0001811,7.985e-05,22419.77,4256.89,1823.64,287.56,40.66,7.18,3.16,49,10,165170.0,165170.0,457.7921692302789,60,–°–∫–∞–º,"['üö® –ö–†–ò–¢–ò–ß–ù–û: –õ–∏–∫–≤–∏–¥–Ω–æ—Å—Ç—å –ù–ï –∑–∞–±–ª–æ–∫–∏—Ä–æ–≤–∞–Ω–∞ - –≤—ã—Å–æ–∫–∏–π —Ä–∏—Å–∫ rug pull!', '–ù–µ–¥–æ—Å—Ç–∞—Ç–æ—á–Ω–∞—è –ª–∏–∫–≤–∏–¥–Ω–æ—Å—Ç—å –¥–ª—è —Å—Ä–µ–¥–Ω–µ–≥–æ —Ä–∏—Å–∫–∞ (<$50K)', '–ö—Ä–∏—Ç–∏—á–µ—Å–∫–∏ –Ω–∏–∑–∫–∞—è –ª–∏–∫–≤–∏–¥–Ω–æ—Å—Ç—å (<$25K)']","{'imageUrl': 'https://dd.dexscreener.com/ds-data/tokens/ton/eqaqfnrwha5seywrlttsxpyqfekrfepldzrezilp9z9iujah.png?key=db6243', 'header': 'https://dd.dexscreener.com/ds-data/tokens/ton/eqaqfnrwha5seywrlttsxpyqfekrfepldzrezilp9z9iujah/header.png?key=db6243', 'openGraph': 'https://cdn.dexscreener.com/token-images/og/ton/eqaqfnrwha5seywrlttsxpyqfekrfepldzrezilp9z9iujah?timestamp=1760958300000', 'websites': [{'label': 'Website', 'url': 'http://bringold.io/'}, {'label': 'Docs', 'url': 'https://dapp.bringold.io/files/wp-bringold-en.pdf'}, {'label': 'Inst', 'url': 'https://www.instagram.com/bringold_dao/'}], 'socials': [{'type': 'twitter', 'url': 'https://twitter.com/Bringold_io'}, {'type': 'telegram', 'url': 'https://t.me/Bringold_io'}, {'type': 'discord', 'url': 'https://discord.gg/Dy3PHadp'}]}",0.48300000000000004,[],False,True,False,0.3
0x0bc529c00C6401aEF6D220BE8C6Ea1667F6Ad93e,yearn.finance,YFI,pulsechain,0xb11C910451BE27FBeDD28eA0ECF723a3263cCD48,pulsex,https://dexscreener.com/pulsechain/0xb11c910451be27fbedd28ea0ecf723a3263ccd48,15.52,495345.8287,15764.6,1037.94,116.37,16.18,31.85,4.06,-0.18,19,62,569093.0,569093.0,21392.75161367581,80,–°–∫–∞–º,"['–ù–µ–≤–µ—Ä–∏—Ñ–∏—Ü–∏—Ä–æ–≤–∞–Ω–Ω—ã–π –∫–æ–Ω—Ç—Ä–∞–∫—Ç', '–ù–µ—Ç –∏–Ω—Ñ–æ—Ä–º–∞—Ü–∏–∏ –æ —Å–∞–π—Ç–µ –∏ —Å–æ—Ü–∏–∞–ª—å–Ω—ã—Ö —Å–µ—Ç—è—Ö', 'üö® –ö–†–ò–¢–ò–ß–ù–û: –õ–∏–∫–≤–∏–¥–Ω–æ—Å—Ç—å –ù–ï –∑–∞–±–ª–æ–∫–∏—Ä–æ–≤–∞–Ω–∞ - –≤—ã—Å–æ–∫–∏–π —Ä–∏—Å–∫ rug pull!', '–ö—Ä–∏—Ç–∏—á–µ—Å–∫–∏ –Ω–∏–∑–∫–∞—è –ª–∏–∫–≤–∏–¥–Ω–æ—Å—Ç—å (<$25K)']",{},0.48300000000000004,[],False,True,False,0.0
Gtas1jTXjD4EpYqDFKk7cEaArFSdaUXKu6bGhbSvpump,mascot of the trenches,rug,solana,Cj9TKYjHhXH3Dsuyn5r1dQnbzxydDBUZvhiTwc4dgTXk,pumpswap,https://dexscreener.com/solana/cj9tkyjhhxh3dsuyn5r1dqnbzxyddbuzvhitwc4dgtxk,0.0002129,1.111e-06,59438.9,36948.14,24388.17,4574.36,30.78,27.19,-21.37,162,108,212749.0,212749.0,595.0196692322455,60,–°—Ä–µ–¥–Ω–∏–π,['üö® –ö–†–ò–¢–ò–ß–ù–û: –õ–∏–∫–≤–∏–¥–Ω–æ—Å—Ç—å –ù–ï –∑–∞–±–ª–æ–∫–∏—Ä–æ–≤–∞–Ω–∞ - –≤—ã—Å–æ–∫–∏–π —Ä–∏—Å–∫ rug pull!'],"{'imageUrl': 'https://dd.dexscreener.com/ds-data/tokens/solana/Gtas1jTXjD4EpYqDFKk7cEaArFSdaUXKu6bGhbSvpump.png?key=15f00f', 'header': 'https://dd.dexscreener.com/ds-data/tokens/solana/Gtas1jTXjD4EpYqDFKk7cEaArFSdaUXKu6bGhbSvpump/header.png?key=15f00f', 'openGraph': 'https://cdn.dexscreener.com/token-images/og/solana/Gtas1jTXjD4EpYqDFKk7cEaArFSdaUXKu6bGhbSvpump?timestamp=1760958300000', 'websites': [{'label': 'Website', 'url': 'https://rugrugrug.me/'}], 'socials': [{'type': 'twitter', 'url': 'https://x.com/i/communities/1972734913892725237'}]}",0.48300000000000004,[],False,True,False,0.3
0x9f8F72aA9304c8B593d555F12eF6589cC3A579A2,Maker,MKR,pulsechain,0xA0894C16AF959D6E2689468241eA95f93cd54636,pulsex,https://dexscreener.com/pulsechain/0xa0894c16af959d6e2689468241ea95f93cd54636,4.38,0.008588,1430.33,236.94,32.91,4.14,30.65,1.88,0.44,22,33,0.0,3718525.0,14739.251613677776,15,–£–º–µ—Ä–µ–Ω–Ω—ã–π,"['–ù–µ–≤–µ—Ä–∏—Ñ–∏—Ü–∏—Ä–æ–≤–∞–Ω–Ω—ã–π –∫–æ–Ω—Ç—Ä–∞–∫—Ç', '–ù–∏–∑–∫–∞—è –ª–∏–∫–≤–∏–¥–Ω–æ—Å—Ç—å: $1430.33', '–ù–µ–¥–æ—Å—Ç–∞—Ç–æ—á–Ω–∞—è –ª–∏–∫–≤–∏–¥–Ω–æ—Å—Ç—å –¥–ª—è –Ω–∏–∑–∫–æ–≥–æ —Ä–∏—Å–∫–∞ (<$100K)']","{'imageUrl': 'https://dd.dexscreener.com/ds-data/tokens/pulsechain/0x9f8f72aa9304c8b593d555f12ef6589cc3a579a2.png?key=0f1dc7', 'header': 'https://dd.dexscreener.com/ds-data/tokens/pulsechain/0x9f8f72aa9304c8b593d555f12ef6589cc3a579a2/header.png?key=0f1dc7', 'openGraph': 'https://cdn.dexscreener.com/token-images/og/pulsechain/0x9f8f72aa9304c8b593d555f12ef6589cc3a579a2?timestamp=1760958300000', 'websites': [{'label': 'Website', 'url': 'https://pulsemaker.win/'}], 'socials': [{'type': 'twitter', 'url': 'https://x.com/PulseMakerWin'}, {'type': 'telegram', 'url': 'https://t.me/PulseChainMKR'}]}",0.403,[],False,True,True,0.0
BMz2jygRVYz22MdkJBCGHz6HRg32HZjacTzEMYoApump,here comes bitcoin cat,btc,solana,3rjhDM9gYmDmCNqvzC2bph9NZPQoUvmSvwxE8SbR3kqF,pumpswap,https://dexscreener.com/solana/3rjhdm9gymdmcnqvzc2bph9nzpqouvmsvwxe8sbr3kqf,0.0001012,5.282e-07,40179.88,2191178.0,96642.65,12571.34,30.24,-5.17,15.56,14662,12287,101061.0,101061.0,14.94244701280382,160,–°–∫–∞–º,"['üö® –ö–†–ò–¢–ò–ß–ù–û: –ù–æ–≤—ã–π —Ç–æ–∫–µ–Ω (<24—á): 14.94 —á–∞—Å–æ–≤', '–ü–æ–¥–æ–∑—Ä–∏—Ç–µ–ª—å–Ω–æ–µ —Å–æ–æ—Ç–Ω–æ—à–µ–Ω–∏–µ –æ–±—ä–µ–º–∞ –∫ –ª–∏–∫–≤–∏–¥–Ω–æ—Å—Ç–∏: 54.53', 'üö® –ö–†–ò–¢–ò–ß–ù–û: –õ–∏–∫–≤–∏–¥–Ω–æ—Å—Ç—å –ù–ï –∑–∞–±–ª–æ–∫–∏—Ä–æ–≤–∞–Ω–∞ - –≤—ã—Å–æ–∫–∏–π —Ä–∏—Å–∫ rug pull!', '–ü–æ–¥–æ–∑—Ä–∏—Ç–µ–ª—å–Ω–æ –≤—ã—Å–æ–∫–æ–µ —Å–æ–æ—Ç–Ω–æ—à–µ–Ω–∏–µ –æ–±—ä–µ–º/–ª–∏–∫–≤–∏–¥–Ω–æ—Å—Ç—å - –≤–æ–∑–º–æ–∂–Ω–∞ –º–∞–Ω–∏–ø—É–ª—è—Ü–∏—è']","{'imageUrl': 'https://dd.dexscreener.com/ds-data/tokens/solana/BMz2jygRVYz22MdkJBCGHz6HRg32HZjacTzEMYoApump.png?key=09f7de', 'header': 'https://dd.dexscreener.com/ds-data/tokens/solana/BMz2jygRVYz22MdkJBCGHz6HRg32HZjacTzEMYoApump/header.png?key=09f7de', 'openGraph': 'https://cdn.dexscreener.com/token-images/og/solana/BMz2jygRVYz22MdkJBCGHz6HRg32HZjacTzEMYoApump?timestamp=1760957700000', 'websites': [{'label': 'Website', 'url': 'https://bitcoin.org/'}], 'socials': [{'type': 'twitter', 'url': 'https://x.com/i/communities/1980009512917487771'}]}",0.443,[],False,True,False,0.3
0xDDe9164E7E0DA7ae48b58F36B42c1c9f80e7245F,DOGE,DOGE,pulsechain,0xD9e7aFb35aD1040c470cC0d495e4b8D61cf52C9B,uniswap,https://dexscreener.com/pulsechain/0xd9e7afb35ad1040c470cc0d495e4b8d61cf52c9b,0.0002999,3.4938,15850.02,608.14,20.78,0.0,28.2,0.21,0.0,23,13,299644.0,299644.0,348.83216923583984,60,–°–∫–∞–º,"['–ù–µ–≤–µ—Ä–∏—Ñ–∏—Ü–∏—Ä–æ–≤–∞–Ω–Ω—ã–π –∫–æ–Ω—Ç—Ä–∞–∫—Ç', 'üö® –ö–†–ò–¢–ò–ß–ù–û: –õ–∏–∫–≤–∏–¥–Ω–æ—Å—Ç—å –ù–ï –∑–∞–±–ª–æ–∫–∏—Ä–æ–≤–∞–Ω–∞ - –≤—ã—Å–æ–∫–∏–π —Ä–∏—Å–∫ rug pull!', '–ù–µ–¥–æ—Å—Ç–∞—Ç–æ—á–Ω–∞—è –ª–∏–∫–≤–∏–¥–Ω–æ—Å—Ç—å –¥–ª—è —Å—Ä–µ–¥–Ω–µ–≥–æ —Ä–∏—Å–∫–∞ (<$50K)', '–ö—Ä–∏—Ç–∏—á–µ—Å–∫–∏ –Ω–∏–∑–∫–∞—è –ª–∏–∫–≤–∏–¥–Ω–æ—Å—Ç—å (<$25K)']","{'imageUrl': 'https://dd.dexscreener.com/ds-data/tokens/pulsechain/0xdde9164e7e0da7ae48b58f36b42c1c9f80e7245f.png?key=e3a34e', 'header': 'https://dd.dexscreener.com/ds-data/tokens/pulsechain/0xdde9164e7e0da7ae48b58f36b42c1c9f80e7245f/header.png?key=e3a34e', 'openGraph': 'https://cdn.dexscreener.com/token-images/og/pulsechain/0xdde9164e7e0da7ae48b58f36b42c1c9f80e7245f?timestamp=1760958000000', 'websites': [], 'socials': [{'type': 'twitter', 'url': 'https://x.com/dogeonpls?t=l-jy3JT-f143Od0KPQyiBw&s=09'}, {'type': 'telegram', 'url': 'https://t.me/dogeonpls'}]}",0.48300000000000004,[],False,True,False,0.3
0x25d53961a27791B9D8b2d74FB3e937c8EAEadc38,‚ë¶,First Pulse Mutual Bond,pulsechain,0x1cE3dcEA486C0eAC91623c51Ac7110Bbb56eD00d,pulsex,https://dexscreener.com/pulsechain/0x1ce3dcea486c0eac91623c51ac7110bbb56ed00d,192.22,23197419306.7347,5559.16,196.67,12.47,0.0,28.07,4.86,0.0,12,12,55552.0,55552.0,17393.807169237196,35,–£–º–µ—Ä–µ–Ω–Ω—ã–π,"['–ù–µ–≤–µ—Ä–∏—Ñ–∏—Ü–∏—Ä–æ–≤–∞–Ω–Ω—ã–π –∫–æ–Ω—Ç—Ä–∞–∫—Ç', '–ù–∏–∑–∫–∞—è –ª–∏–∫–≤–∏–¥–Ω–æ—Å—Ç—å: $5559.16', '–ù–µ—Ç –∏–Ω—Ñ–æ—Ä–º–∞—Ü–∏–∏ –æ —Å–∞–π—Ç–µ –∏ —Å–æ—Ü–∏–∞–ª—å–Ω—ã—Ö —Å–µ—Ç—è—Ö']",{},0.363,[],False,True,True,0.3
0x44F161aE29361E332dEA039DFA2F404E0bC5B5Cc,Humanity,H,bsc,0xef7D88D12b6393fE06f5F07d48d7B76511909e6b,pancakeswap,https://dexscreener.com/bsc/0xef7d88d12b6393fe06f5f07d48d7b76511909e6b,0.1453,0.1453,565309.06,9071044.91,1086673.0,162624.2,27.16,1.1,0.57,26987,28133,14266870.0,265300250.0,2881.8874470161268,30,–£–º–µ—Ä–µ–Ω–Ω—ã–π,"['Proxy –∫–æ–Ω—Ç—Ä–∞–∫—Ç', '–ù–µ—Ç –∏–Ω—Ñ–æ—Ä–º–∞—Ü–∏–∏ –æ —Å–∞–π—Ç–µ –∏ —Å–æ—Ü–∏–∞–ª—å–Ω—ã—Ö —Å–µ—Ç—è—Ö', '–í—ã—Å–æ–∫–æ–µ —Å–æ–æ—Ç–Ω–æ—à–µ–Ω–∏–µ –æ–±—ä–µ–º/–ª–∏–∫–≤–∏–¥–Ω–æ—Å—Ç—å - –ø–æ–≤—ã—à–µ–Ω–Ω–∞—è –≤–æ–ª–∞—Ç–∏–ª—å–Ω–æ—Å—Ç—å']",{},0.5830000000000001,[],False,False,True,0.0
4LRePMApBS2HFfX4ZDZK61n87CJ7rAMuN8ZHNQQXjupx,YABAI,YABAI,solana,3bhyjsPcD8qgerMp6ZQrgkMHZRNDvnYkjgj2RwQvAbPe,meteora,https://dexscreener.com/solana/3bhyjspcd8qgermp6zqrgkmhzrndvnykjgj2rwqvabpe,0.0005491,2.864e-06,87711.96,8488.35,32.32,22.77,26.77,-1.0,-0.6,11,3,549191.0,549191.0,1479.8313359061008,60,–°—Ä–µ–¥–Ω–∏–π,['üö® –ö–†–ò–¢–ò–ß–ù–û: –õ–∏–∫–≤–∏–¥–Ω–æ—Å—Ç—å –ù–ï –∑–∞–±–ª–æ–∫–∏—Ä–æ–≤–∞–Ω–∞ - –≤—ã—Å–æ–∫–∏–π —Ä–∏—Å–∫ rug pull!'],"{'imageUrl': 'https://dd.dexscreener.com/ds-data/tokens/solana/4LRePMApBS2HFfX4ZDZK61n87CJ7rAMuN8ZHNQQXjupx.png?key=c0c5dc', 'header': 'https://dd.dexscreener.com/ds-data/tokens/solana/4LRePMApBS2HFfX4ZDZK61n87CJ7rAMuN8ZHNQQXjupx/header.png?key=c0c5dc', 'openGraph': 'https://cdn.dexscreener.com/token-images/og/solana/4LRePMApBS2HFfX4ZDZK61n87CJ7rAMuN8ZHNQQXjupx?timestamp=1760958300000', 'websites': [{'label': 'Website', 'url': 'https://jup.ag/tokens/4LRePMApBS2HFfX4ZDZK61n87CJ7rAMuN8ZHNQQXjupx'}], 'socials': [{'type': 'twitter', 'url': 'https://x.com/yabaixcore'}, {'type': 'telegram', 'url': 'https://t.me/yabaixportal'}]}",0.48300000000000004,[],False,True,False,0.3
0xBFcfA52225Baa5feec5fbb54E6458957D53ddD94,ETH,ETH,pulsechain,0x77E4e36E9aB013E6d48B34836b61441C328B1738,pulsex,https://dexscreener.com/pulsechain/0x77e4e36e9ab013e6d48b34836b61441c328b1738,0.0001944,6.173,35422.22,1493.4,8.63,0.0,23.59,1.04,0.0,23,77,194498.0,194498.0,6243.529391462809,60,–í—ã—Å–æ–∫–∏–π,"['–ù–µ–≤–µ—Ä–∏—Ñ–∏—Ü–∏—Ä–æ–≤–∞–Ω–Ω—ã–π –∫–æ–Ω—Ç—Ä–∞–∫—Ç', 'üö® –ö–†–ò–¢–ò–ß–ù–û: –õ–∏–∫–≤–∏–¥–Ω–æ—Å—Ç—å –ù–ï –∑–∞–±–ª–æ–∫–∏—Ä–æ–≤–∞–Ω–∞ - –≤—ã—Å–æ–∫–∏–π —Ä–∏—Å–∫ rug pull!', '–ù–µ–¥–æ—Å—Ç–∞—Ç–æ—á–Ω–∞—è –ª–∏–∫–≤–∏–¥–Ω–æ—Å—Ç—å –¥–ª—è —Å—Ä–µ–¥–Ω–µ–≥–æ —Ä–∏—Å–∫–∞ (<$50K)']","{'imageUrl': 'https://dd.dexscreener.com/ds-data/tokens/pulsechain/0xbfcfa52225baa5feec5fbb54e6458957d53ddd94.png?key=bedfbb', 'header': 'https://dd.dexscreener.com/ds-data/tokens/pulsechain/0xbfcfa52225baa5feec5fbb54e6458957d53ddd94/header.png?key=bedfbb', 'openGraph': 'https://cdn.dexscreener.com/token-images/og/pulsechain/0xbfcfa52225baa5feec5fbb54e6458957d53ddd94?timestamp=1760958300000', 'websites': [{'label': 'Website', 'url': 'http://rheth.info'}], 'socials': [{'type': 'twitter', 'url': 'https://x.com/RichardHeartWin'}, {'type': 'telegram', 'url': 'https://t.me/rhcoins'}]}",0.48300000000000004,[],False,True,False,0.3
0xA0b73E1Ff0B80914AB6fe0444E65848C4C34450b,CRO,CRO,pulsechain,0xb3ED95B7c4Bb0F532745873FE4A8fDaf4a4b7dAe,pulsex,https://dexscreener.com/pulsechain/0xb3ed95b7c4bb0f532745873fe4a8fdaf4a4b7dae,0.004723,150.5417,4118.19,665.51,406.79,47.21,23.15,8.93,0.86,94,118,79959956.0,460021652.0,21392.318280352512,75,–°–∫–∞–º,"['–ù–µ–≤–µ—Ä–∏—Ñ–∏—Ü–∏—Ä–æ–≤–∞–Ω–Ω—ã–π –∫–æ–Ω—Ç—Ä–∞–∫—Ç', '–ù–∏–∑–∫–∞—è –ª–∏–∫–≤–∏–¥–Ω–æ—Å—Ç—å: $4118.19', 'üö® –ö–†–ò–¢–ò–ß–ù–û: –õ–∏–∫–≤–∏–¥–Ω–æ—Å—Ç—å –ù–ï –∑–∞–±–ª–æ–∫–∏—Ä–æ–≤–∞–Ω–∞ - –≤—ã—Å–æ–∫–∏–π —Ä–∏—Å–∫ rug pull!', '–ù–µ–¥–æ—Å—Ç–∞—Ç–æ—á–Ω–∞—è –ª–∏–∫–≤–∏–¥–Ω–æ—Å—Ç—å –¥–ª—è —Å—Ä–µ–¥–Ω–µ–≥–æ —Ä–∏—Å–∫–∞ (<$50K)', '–ö—Ä–∏—Ç–∏—á–µ—Å–∫–∏ –Ω–∏–∑–∫–∞—è –ª–∏–∫–≤–∏–¥–Ω–æ—Å—Ç—å (<$25K)']","{'imageUrl': 'https://dd.dexscreener.com/ds-data/tokens/pulsechain/0xa0b73e1ff0b80914ab6fe0444e65848c4c34450b.png?key=580632', 'header': 'https://dd.dexscreener.com/ds-data/tokens/pulsechain/0xa0b73e1ff0b80914ab6fe0444e65848c4c34450b/header.png?key=580632', 'openGraph': 'https://cdn.dexscreener.com/token-images/og/pulsechain/0xa0b73e1ff0b80914ab6fe0444e65848c4c34450b?timestamp=1760958000000', 'websites': [{'label': 'Website', 'url': 'https://cronos-pos.org/'}], 'socials': [{'type': 'twitter', 'url': 'https://twitter.com/cronos_chain'}, {'type': 'telegram', 'url': 'https://telegram.me/Cronos_POS_Announcements'}, {'type': 'discord', 'url': 'https://discord.gg/cronos'}]}",0.663,[],False,False,False,0.0
0xFCa95aeb5bF44aE355806A5ad14659c940dC6BF7,SHIBA INU,SHIB,base,0x4fbB43E487f128D3c94dC668ab5b60e0Ae9Ca001,uniswap,https://dexscreener.com/base/0x4fbb43e487f128d3c94dc668ab5b60e0ae9ca001,4.277e-09,4.277e-09,4246.41,4611.83,1046.25,30.07,21.97,10.43,0.5,93,87,2882707.0,2882707.0,3375.6438359091526,75,–°–∫–∞–º,"['–ù–∏–∑–∫–∞—è –ª–∏–∫–≤–∏–¥–Ω–æ—Å—Ç—å: $4246.41', 'üö® –ö–†–ò–¢–ò–ß–ù–û: –õ–∏–∫–≤–∏–¥–Ω–æ—Å—Ç—å –ù–ï –∑–∞–±–ª–æ–∫–∏—Ä–æ–≤–∞–Ω–∞ - –≤—ã—Å–æ–∫–∏–π —Ä–∏—Å–∫ rug pull!', '–ù–µ–¥–æ—Å—Ç–∞—Ç–æ—á–Ω–∞—è –ª–∏–∫–≤–∏–¥–Ω–æ—Å—Ç—å –¥–ª—è —Å—Ä–µ–¥–Ω–µ–≥–æ —Ä–∏—Å–∫–∞ (<$50K)', '–ö—Ä–∏—Ç–∏—á–µ—Å–∫–∏ –Ω–∏–∑–∫–∞—è –ª–∏–∫–≤–∏–¥–Ω–æ—Å—Ç—å (<$25K)']","{'imageUrl': 'https://cdn.dexscreener.com/cms/images/9db0d992a85773364aeb6212840e5316f20f888e5b2271c6424090c9474d8dc8?width=64&height=64&quality=90', 'header': 'https://cdn.dexscreener.com/cms/images/b0a9240c75d5163ac44264f6bc56310ad03e33f8c802722d3f13bd61816e8e18?width=128&height=128&quality=90', 'openGraph': 'https://cdn.dexscreener.com/token-images/og/base/0xfca95aeb5bf44ae355806a5ad14659c940dc6bf7?timestamp=1760958000000', 'websites': [{'url': 'https://schismaticshiba.com/', 'label': 'Website'}], 'socials': [{'url': 'https://x.com/schismaticshiba', 'type': 'twitter'}, {'url': 'https://t.me/shiba_base', 'type': 'telegram'}]}",0.48300000000000004,[],False,True,False,0.0
0x7Fc66500c84A76Ad7e9c93437bFc5Ac33E2DDaE9,Aave Token,AAVE,pulsechain,0x577F874128aE00319a1B60AA02f3702faEE512e0,pulsex,https://dexscreener.com/pulsechain/0x577f874128ae00319a1b60aa02f3702faee512e0,0.1793,5715.9157,6029.36,1063.26,234.2,82.79,21.81,4.84,1.05,51,69,2869267.0,2869267.0,20747.99328035448,15,–£–º–µ—Ä–µ–Ω–Ω—ã–π,"['–ù–µ–≤–µ—Ä–∏—Ñ–∏—Ü–∏—Ä–æ–≤–∞–Ω–Ω—ã–π –∫–æ–Ω—Ç—Ä–∞–∫—Ç', '–ù–∏–∑–∫–∞—è –ª–∏–∫–≤–∏–¥–Ω–æ—Å—Ç—å: $6029.36', '–ù–µ–¥–æ—Å—Ç–∞—Ç–æ—á–Ω–∞—è –ª–∏–∫–≤–∏–¥–Ω–æ—Å—Ç—å –¥–ª—è –Ω–∏–∑–∫–æ–≥–æ —Ä–∏—Å–∫–∞ (<$100K)']","{'imageUrl': 'https://dd.dexscreener.com/ds-data/tokens/pulsechain/0x7fc66500c84a76ad7e9c93437bfc5ac33e2ddae9.png?key=0a7252', 'header': 'https://dd.dexscreener.com/ds-data/tokens/pulsechain/0x7fc66500c84a76ad7e9c93437bfc5ac33e2ddae9/header.png?key=0a7252', 'openGraph': 'https://cdn.dexscreener.com/token-images/og/pulsechain/0x7fc66500c84a76ad7e9c93437bfc5ac33e2ddae9?timestamp=1760958000000', 'websites': [{'label': 'Website', 'url': 'https://aave.com/'}], 'socials': [{'type': 'twitter', 'url': 'https://x.com/pulseaave?s=21&t=8vmArXsynLkocc_LD_X72w'}, {'type': 'telegram', 'url': 'https://t.me/PulseChainAAVE'}]}",0.403,[],False,True,True,0.0
52KWGFoax5Ed1YbFctptXjSShv1P6R3SqUuo6Hk3pump,PolyX,PLX,solana,Dra8UacYMW7RmcTUMAbjHUKsRRU8xTWoatUT9VXZDcMy,pumpswap,https://dexscreener.com/solana/dra8uacymw7rmctumabjhuksrru8xtwoatut9vxzdcmy,0.0002539,1.324e-06,59717.33,119457.03,20010.73,551.09,21.51,2.17,-2.34,269,234,253329.0,253329.0,188.09800257948135,60,–°—Ä–µ–¥–Ω–∏–π,['üö® –ö–†–ò–¢–ò–ß–ù–û: –õ–∏–∫–≤–∏–¥–Ω–æ—Å—Ç—å –ù–ï –∑–∞–±–ª–æ–∫–∏—Ä–æ–≤–∞–Ω–∞ - –≤—ã—Å–æ–∫–∏–π —Ä–∏—Å–∫ rug pull!'],"{'imageUrl': 'https://dd.dexscreener.com/ds-data/tokens/solana/52KWGFoax5Ed1YbFctptXjSShv1P6R3SqUuo6Hk3pump.png?key=f0f006', 'header': 'https://dd.dexscreener.com/ds-data/tokens/solana/52KWGFoax5Ed1YbFctptXjSShv1P6R3SqUuo6Hk3pump/header.png?key=f0f006', 'openGraph': 'https://cdn.dexscreener.com/token-images/og/solana/52KWGFoax5Ed1YbFctptXjSShv1P6R3SqUuo6Hk3pump?timestamp=1760958300000', 'websites': [{'label': 'Website', 'url': 'https://www.polyxbot.org/'}, {'label': 'Docs', 'url': 'https://docs.polyxbot.org/'}], 'socials': [{'type': 'twitter', 'url': 'https://x.com/PolyxBot'}, {'type': 'telegram', 'url': 'https://t.me/Polyx_gold_bot'}]}",0.463,[],False,True,False,0.3
0x0000000000085d4780B73119b644AE5ecd22b376,TrueUSD,TUSD,pulsechain,0x75863ADF75b632733ac76C8FC78A590bA4E0fd31,pulsex,https://dexscreener.com/pulsechain/0x75863adf75b632733ac76c8fc78a590ba4e0fd31,0.001563,0.5528,1908.41,100.01,17.41,6.58,20.89,1.7,-1.69,16,17,1189634.0,1189634.0,18940.02939146966,75,–°–∫–∞–º,"['–ù–µ–≤–µ—Ä–∏—Ñ–∏—Ü–∏—Ä–æ–≤–∞–Ω–Ω—ã–π –∫–æ–Ω—Ç—Ä–∞–∫—Ç', '–ù–∏–∑–∫–∞—è –ª–∏–∫–≤–∏–¥–Ω–æ—Å—Ç—å: $1908.41', 'üö® –ö–†–ò–¢–ò–ß–ù–û: –õ–∏–∫–≤–∏–¥–Ω–æ—Å—Ç—å –ù–ï –∑–∞–±–ª–æ–∫–∏—Ä–æ–≤–∞–Ω–∞ - –≤—ã—Å–æ–∫–∏–π —Ä–∏—Å–∫ rug pull!', '–ù–µ–¥–æ—Å—Ç–∞—Ç–æ—á–Ω–∞—è –ª–∏–∫–≤–∏–¥–Ω–æ—Å—Ç—å –¥–ª—è —Å—Ä–µ–¥–Ω–µ–≥–æ —Ä–∏—Å–∫–∞ (<$50K)', '–ö—Ä–∏—Ç–∏—á–µ—Å–∫–∏ –Ω–∏–∑–∫–∞—è –ª–∏–∫–≤–∏–¥–Ω–æ—Å—Ç—å (<$25K)']","{'imageUrl': 'https://dd.dexscreener.com/ds-data/tokens/pulsechain/0x0000000000085d4780b73119b644ae5ecd22b376.png?key=af8bff', 'header': 'https://dd.dexscreener.com/ds-data/tokens/pulsechain/0x0000000000085d4780b73119b644ae5ecd22b376/header.png?key=af8bff', 'openGraph': 'https://cdn.dexscreener.com/token-images/og/pulsechain/0x0000000000085d4780b73119b644ae5ecd22b376?timestamp=1760958300000', 'websites': [{'label': 'Website', 'url': 'https://gopulse.com/token/pTUSD'}], 'socials': [{'type': 'twitter', 'url': 'https://x.com/PulseTUSD'}, {'type': 'telegram', 'url': 'https://t.me/PulseTUSD'}]}",0.663,[],False,False,False,0.0
CorLYocndjCbXYa382nFfVdPwTzxFtgAtSRowBpcBAGS,BOOK OF MEME,BOME,solana,HuZVf6zCB93zyz3zpMTTbivwMvvhiNR9zPvD9AAd5zj9,meteora,https://dexscreener.com/solana/huzvf6zcb93zyz3zpmttbivwmvvhinr9zpvd9aad5zj9,1.548e-05,8.034e-08,13129.48,953.67,415.55,15.63,20.65,1.9,0.15,21,29,15463.0,15463.0,1652.1407803597006,80,–°–∫–∞–º,"['–ù–µ—Ç –∏–Ω—Ñ–æ—Ä–º–∞—Ü–∏–∏ –æ —Å–∞–π—Ç–µ –∏ —Å–æ—Ü–∏–∞–ª—å–Ω—ã—Ö —Å–µ—Ç—è—Ö', 'üö® –ö–†–ò–¢–ò–ß–ù–û: –õ–∏–∫–≤–∏–¥–Ω–æ—Å—Ç—å –ù–ï –∑–∞–±–ª–æ–∫–∏—Ä–æ–≤–∞–Ω–∞ - –≤—ã—Å–æ–∫–∏–π —Ä–∏—Å–∫ rug pull!', '–ö—Ä–∏—Ç–∏—á–µ—Å–∫–∏ –Ω–∏–∑–∫–∞—è –ª–∏–∫–≤–∏–¥–Ω–æ—Å—Ç—å (<$25K)']",{},0.48300000000000004,[],False,True,False,0.3
0xf598cB1D27Fb2c5C731F535AD6c1D0ec5EfE1320,DAI,DAI,pulsechain,0xeC052d46D3115DF7F6058160Cd0b87b272201341,pulsex,https://dexscreener.com/pulsechain/0xec052d46d3115df7f6058160cd0b87b272201341,0.0004584,14.6183,104065.44,5855.25,3598.14,3216.84,20.47,6.44,6.44,112,141,458360.0,458360.0,6243.329391471693,60,–°—Ä–µ–¥–Ω–∏–π,"['–ù–µ–≤–µ—Ä–∏—Ñ–∏—Ü–∏—Ä–æ–≤–∞–Ω–Ω—ã–π –∫–æ–Ω—Ç—Ä–∞–∫—Ç (–Ω–æ –∫—Ä—É–ø–Ω—ã–π/–∑—Ä–µ–ª—ã–π)', 'üö® –ö–†–ò–¢–ò–ß–ù–û: –õ–∏–∫–≤–∏–¥–Ω–æ—Å—Ç—å –ù–ï –∑–∞–±–ª–æ–∫–∏—Ä–æ–≤–∞–Ω–∞ - –≤—ã—Å–æ–∫–∏–π —Ä–∏—Å–∫ rug pull!']","{'imageUrl': 'https://dd.dexscreener.com/ds-data/tokens/pulsechain/0xf598cb1d27fb2c5c731f535ad6c1d0ec5efe1320.png?key=b13ecd', 'header': 'https://dd.dexscreener.com/ds-data/tokens/pulsechain/0xf598cb1d27fb2c5c731f535ad6c1d0ec5efe1320/header.png?key=b13ecd', 'openGraph': 'https://cdn.dexscreener.com/token-images/og/pulsechain/0xf598cb1d27fb2c5c731f535ad6c1d0ec5efe1320?timestamp=1760958000000', 'websites': [], 'socials': [{'type': 'twitter', 'url': 'https://x.com/RichardHeartWin'}]}",0.48300000000000004,[],False,True,False,0.3
